train_domain,test_domain,accuracy,n_train,n_test
finance,medicine,0.8888888888888888,148,36
finance,open_qa,0.8,148,30
finance,reddit_eli5,0.8487084870848709,148,542
finance,wiki_csai,0.6785714285714286,148,28
medicine,finance,0.6621621621621622,36,148
medicine,open_qa,0.6,36,30
medicine,reddit_eli5,0.7878228782287823,36,542
medicine,wiki_csai,0.6428571428571429,36,28
open_qa,finance,0.6216216216216216,30,148
open_qa,medicine,0.6944444444444444,30,36
open_qa,reddit_eli5,0.7140221402214022,30,542
open_qa,wiki_csai,0.5714285714285714,30,28
reddit_eli5,finance,0.8918918918918919,542,148
reddit_eli5,medicine,0.9444444444444444,542,36
reddit_eli5,open_qa,1.0,542,30
reddit_eli5,wiki_csai,0.5357142857142857,542,28
wiki_csai,finance,0.5,28,148
wiki_csai,medicine,0.8333333333333334,28,36
wiki_csai,open_qa,0.5666666666666667,28,30
wiki_csai,reddit_eli5,0.6346863468634686,28,542
